Pregnancies,Glucose,BloodPressure,SkinThickness,Insulin,BMI,DiabetesPedigreeFunction,Age,y
7,103,66,32,0,39.1,0.344,31,1
1,92,62,25,41,19.5,0.482,25,0
0,98,82,15,84,25.2,0.299,22,0
1,140,74,26,180,24.1,0.828,23,0
5,162,104,0,0,37.7,0.151,52,1
1,111,62,13,182,24.0,0.138,23,0
2,122,52,43,158,36.2,0.816,28,0
8,85,55,20,0,24.4,0.136,42,0
7,133,88,15,155,32.4,0.262,37,0
2,155,52,27,540,38.7,0.24,25,1
